FC;SPO2;FR;TAS;TAD;TAM;ESTADOS
138;92;36;100;56;73;POTENCIAL INEST
142;92;31;99;53;69;POTENCIAL INEST
139;92;31;99;52;68;POTENCIAL INEST
142;92;29;97;51;66;POTENCIAL INEST
144;92;25;102;56;71;POTENCIAL INEST
145;94;34;105;57;73;POTENCIAL INEST
142;94;30;108;60;76;POTENCIAL INEST
142;93;32;108;59;75;POTENCIAL INEST
142;91;34;97;50;66;POTENCIAL INEST
147;92;30;101;56;71;POTENCIAL INEST
137;93;32;103;55;71;POTENCIAL INEST
138;93;29;94;50;64;POTENCIAL INEST
144;91;30;104;60;75;POTENCIAL INEST
141;94;32;103;57;72;POTENCIAL INEST
141;91;33;95;50;65;POTENCIAL INEST
141;92;28;95;52;66;POTENCIAL INEST
140;92;29;95;51;66;POTENCIAL INEST
139;94;27;95;52;67;POTENCIAL INEST
138;94;30;100;55;70;POTENCIAL INEST
141;93;32;97;54;68;POTENCIAL INEST
137;93;30;97;53;68;POTENCIAL INEST
139;93;33;96;53;67;POTENCIAL INEST
138;93;28;96;53;67;POTENCIAL INEST
137;93;28;95;51;66;POTENCIAL INEST
137;93;28;97;54;68;POTENCIAL INEST
137;94;32;100;56;71;POTENCIAL INEST
139;94;29;94;50;65;POTENCIAL INEST
136;93;32;94;52;65;POTENCIAL INEST
136;93;30;96;52;67;POTENCIAL INEST
138;93;32;95;52;66;POTENCIAL INEST
133;95;29;101;55;71;POTENCIAL INEST
140;94;34;92;49;63;POTENCIAL INEST
137;94;28;91;49;63;POTENCIAL INEST
136;93;32;91;49;63;POTENCIAL INEST
142;93;30;92;51;65;POTENCIAL INEST
138;96;30;99;55;70;POTENCIAL INEST
137;92;27;107;61;76;POTENCIAL INEST
137;91;30;111;62;79;POTENCIAL INEST
145;92;25;106;59;75;POTENCIAL INEST
144;92;28;104;59;74;POTENCIAL INEST
133;92;26;133;74;94;INESTABLE
137;87;31;117;68;84;POTENCIAL INEST
133;90;43;108;57;74;POTENCIAL INEST
140;91;37;105;58;74;POTENCIAL INEST
139;93;35;107;59;75;POTENCIAL INEST
134;92;29;112;62;79;POTENCIAL INEST
134;92;29;110;58;74;POTENCIAL INEST
132;94;30;111;60;77;POTENCIAL INEST
133;94;31;108;58;75;POTENCIAL INEST
142;92;34;102;55;71;POTENCIAL INEST
143;96;34;96;109;51;INESTABLE
138;92;29;101;53;69;POTENCIAL INEST
140;93;31;99;54;69;POTENCIAL INEST
139;93;24;104;58;73;POTENCIAL INEST
139;93;30;100;54;69;POTENCIAL INEST
137;92;28;103;57;72;POTENCIAL INEST
138;93;32;100;54;70;POTENCIAL INEST
139;93;29;102;56;71;POTENCIAL INEST
137;92;35;102;56;71;POTENCIAL INEST
135;93;30;103;56;72;POTENCIAL INEST
134;93;30;100;54;64;POTENCIAL INEST
139;93;33;93;50;64;POTENCIAL INEST
139;93;30;94;51;66;POTENCIAL INEST
139;93;32;98;54;69;POTENCIAL INEST
137;93;30;97;53;68;POTENCIAL INEST
134;93;32;102;102;72;INESTABLE
134;93;32;99;54;69;POTENCIAL INEST
139;93;30;93;51;65;POTENCIAL INEST
135;93;33;96;52;67;POTENCIAL INEST
139;93;32;91;49;63;POTENCIAL INEST
133;94;26;98;55;69;POTENCIAL INEST
134;94;28;100;56;71;POTENCIAL INEST
139;93;29;94;51;65;POTENCIAL INEST
135;93;32;95;52;67;POTENCIAL INEST
140;94;30;95;52;66;POTENCIAL INEST
136;94;25;100;56;71;POTENCIAL INEST
135;92;30;101;56;71;POTENCIAL INEST
137;93;33;97;53;68;POTENCIAL INEST
135;94;32;98;53;68;POTENCIAL INEST
136;94;28;93;50;64;POTENCIAL INEST
135;94;26;97;53;68;POTENCIAL INEST
136;93;34;97;53;68;POTENCIAL INEST
135;93;34;98;54;70;POTENCIAL INEST
134;93;29;105;59;75;POTENCIAL INEST
138;93;34;100;54;69;POTENCIAL INEST
142;94;25;59;54;79;POTENCIAL INEST
135;91;33;107;58;74;POTENCIAL INEST
142;92;30;102;58;72;POTENCIAL INEST
140;90;23;115;67;83;POTENCIAL INEST
136;91;32;106;56;73;POTENCIAL INEST
137;92;36;99;52;67;POTENCIAL INEST
139;94;32;99;54;69;POTENCIAL INEST
143;93;35;99;55;70;POTENCIAL INEST
138;92;34;100;55;70;POTENCIAL INEST
137;92;30;101;56;71;POTENCIAL INEST
132;94;28;59;61;77;POTENCIAL INEST
130;91;27;105;57;73;POTENCIAL INEST
135;92;36;96;51;66;POTENCIAL INEST
137;93;34;101;55;70;POTENCIAL INEST
136;92;33;95;51;66;POTENCIAL INEST
127;85;30;131;76;94;INESTABLE
145;87;32;117;70;85;POTENCIAL INEST
142;90;32;110;59;76;POTENCIAL INEST
135;90;33;110;61;78;POTENCIAL INEST
141;89;33;108;59;75;POTENCIAL INEST
127;91;34;114;65;82;POTENCIAL INEST
133;94;32;120;70;86;INESTABLE
139;93;26;116;64;82;POTENCIAL INEST
143;92;38;114;63;80;POTENCIAL INEST
137;93;39;101;52;68;POTENCIAL INEST
144;92;38;108;61;77;POTENCIAL INEST
141;93;37;112;61;78;POTENCIAL INEST
138;91;31;102;51;68;POTENCIAL INEST
144;93;27;101;52;68;POTENCIAL INEST
152;92;27;97;50;65;POTENCIAL INEST
157;93;29;98;53;68;POTENCIAL INEST
148;92;40;95;48;64;POTENCIAL INEST
159;92;36;95;51;66;POTENCIAL INEST
151;92;28;110;61;77;POTENCIAL INEST
155;90;35;97;50;66;POTENCIAL INEST
154;87;34;100;52;68;POTENCIAL INEST
153;90;38;105;56;73;POTENCIAL INEST
157;89;37;88;45;59;ESTABLE
156;91;30;94;50;65;POTENCIAL INEST
159;90;35;93;49;63;POTENCIAL INEST
156;88;34;98;52;67;POTENCIAL INEST
150;89;27;93;47;62;POTENCIAL INEST
156;88;23;86;44;58;POTENCIAL INEST
160;88;23;93;51;65;POTENCIAL INEST
154;87;32;88;46;60;POTENCIAL INEST
153;87;31;86;45;59;POTENCIAL INEST
153;87;28;89;47;61;POTENCIAL INEST
156;87;29;87;46;60;POTENCIAL INEST
156;86;31;88;47;61;POTENCIAL INEST
143;88;25;102;56;71;POTENCIAL INEST
147;87;35;103;56;72;POTENCIAL INEST
143;86;28;103;55;71;POTENCIAL INEST
149;85;29;109;59;76;POTENCIAL INEST
148;84;35;97;51;66;POTENCIAL INEST
149;81;30;99;51;67;POTENCIAL INEST
150;77;44;95;49;64;POTENCIAL INEST
140;84;27;104;57;72;POTENCIAL INEST
144;84;35;100;53;69;POTENCIAL INEST
150;82;38;94;49;64;POTENCIAL INEST
150;80;26;107;59;75;POTENCIAL INEST
149;74;32;111;59;77;POTENCIAL INEST
149;69;42;109;58;75;INESTABLE
148;69;37;104;54;71;INESTABLE
145;77;36;138;71;93;INESTABLE
159;99;40;136;77;96;INESTABLE
159;100;39;137;73;94;INESTABLE
154;94;32;115;65;82;POTENCIAL INEST
154;87;45;107;56;73;POTENCIAL INEST
157;88;37;110;62;78;POTENCIAL INEST
164;88;36;119;69;85;POTENCIAL INEST
161;88;28;111;61;77;POTENCIAL INEST
160;87;28;128;68;88;INESTABLE
166;88;36;126;68;87;INESTABLE
157;86;42;107;55;72;POTENCIAL INEST
150;89;31;104;53;70;POTENCIAL INEST
150;88;29;104;53;70;POTENCIAL INEST
150;89;30;106;54;72;POTENCIAL INEST
143;88;32;104;52;70;POTENCIAL INEST
139;89;23;108;54;72;POTENCIAL INEST
140;89;26;111;56;74;POTENCIAL INEST
147;89;31;112;57;75;POTENCIAL INEST
145;89;29;111;56;75;POTENCIAL INEST
147;89;21;110;57;74;POTENCIAL INEST
149;88;29;100;53;67;POTENCIAL INEST
155;88;32;100;54;69;POTENCIAL INEST
145;90;35;110;58;75;POTENCIAL INEST
140;88;31;113;59;77;POTENCIAL INEST
145;88;33;110;59;76;POTENCIAL INEST
137;86;29;114;60;78;POTENCIAL INEST
139;86;27;107;55;72;POTENCIAL INEST
146;88;31;101;51;67;POTENCIAL INEST
142;88;35;113;62;79;POTENCIAL INEST
150;87;42;105;55;71;POTENCIAL INEST
153;87;28;98;50;66;POTENCIAL INEST
158;89;34;85;43;57;ESTABLE
148;95;30;90;47;61;ESTABLE
152;94;26;99;53;68;POTENCIAL INEST
149;85;28;95;49;65;POTENCIAL INEST
141;78;31;102;52;69;POTENCIAL INEST
147;76;32;96;47;63;POTENCIAL INEST
149;74;30;96;49;65;POTENCIAL INEST
144;75;31;101;53;69;POTENCIAL INEST
149;73;30;99;51;67;POTENCIAL INEST
143;69;32;99;50;67;INESTABLE
146;66;32;92;46;61;INESTABLE
145;84;33;92;46;61;POTENCIAL INEST
142;87;28;97;50;65;POTENCIAL INEST
142;77;26;97;49;65;POTENCIAL INEST
138;79;27;101;51;68;POTENCIAL INEST
134;76;24;100;49;66;POTENCIAL INEST
139;88;30;95;46;62;ESTABLE
145;92;33;92;47;62;ESTABLE
145;89;30;86;43;58;ESTABLE
147;90;30;87;45;59;ESTABLE
149;91;33;89;47;61;ESTABLE
148;89;33;94;49;64;POTENCIAL INEST
147;92;32;96;51;66;POTENCIAL INEST
148;95;35;97;51;66;POTENCIAL INEST
152;93;30;92;48;63;POTENCIAL INEST
151;93;31;86;45;59;ESTABLE
146;95;29;87;46;60;POTENCIAL INEST
135;93;24;102;54;70;POTENCIAL INEST
140;93;31;92;46;62;ESTABLE
146;93;31;86;44;58;ESTABLE
145;93;30;82;42;55;ESTABLE
147;95;31;80;42;55;ESTABLE
134;94;30;98;51;67;POTENCIAL INEST
142;88;30;88;45;59;ESTABLE
143;88;28;87;45;59;POTENCIAL INEST
145;64;37;85;45;58;INESTABLE
150;99;27;88;47;61;POTENCIAL INEST
143;97;34;95;51;66;POTENCIAL INEST
139;97;27;99;52;68;POTENCIAL INEST
146;99;27;94;50;64;POTENCIAL INEST
142;98;26;89;46;60;POTENCIAL INEST
145;96;23;84;44;57;POTENCIAL INEST
140;91;28;90;48;62;POTENCIAL INEST
138;93;33;91;48;62;ESTABLE
144;90;28;90;48;62;POTENCIAL INEST
143;90;28;88;45;59;POTENCIAL INEST
144;98;24;78;41;53;POTENCIAL INEST
143;91;29;87;46;60;POTENCIAL INEST
144;93;32;88;46;60;ESTABLE
141;89;30;88;46;59;ESTABLE
144;85;30;84;44;57;POTENCIAL INEST
147;81;31;82;43;56;POTENCIAL INEST
145;81;37;84;45;58;POTENCIAL INEST
141;79;29;81;43;56;POTENCIAL INEST
141;83;36;84;45;58;POTENCIAL INEST
140;95;30;86;45;59;ESTABLE
145;91;34;77;41;53;ESTABLE
145;95;29;87;47;61;POTENCIAL INEST
143;96;29;82;44;57;POTENCIAL INEST
138;88;27;84;45;58;POTENCIAL INEST
137;92;27;87;45;59;POTENCIAL INEST
140;94;27;80;42;55;POTENCIAL INEST
136;91;30;86;45;59;ESTABLE
139;85;36;85;45;59;POTENCIAL INEST
138;73;28;87;46;59;POTENCIAL INEST
133;70;33;109;57;74;POTENCIAL INEST
143;73;38;88;44;59;POTENCIAL INEST
137;74;31;90;48;62;POTENCIAL INEST
143;73;36;89;47;61;POTENCIAL INEST
149;72;35;83;45;57;POTENCIAL INEST
146;72;39;93;50;65;POTENCIAL INEST
139;69;32;84;44;57;INESTABLE
130;70;27;91;47;62;POTENCIAL INEST
131;70;25;89;45;60;POTENCIAL INEST
134;70;24;86;43;58;POTENCIAL INEST
131;69;27;87;44;59;INESTABLE
138;72;30;81;42;55;POTENCIAL INEST
131;79;29;91;48;62;POTENCIAL INEST
132;81;29;87;45;59;POTENCIAL INEST
139;69;28;81;43;55;INESTABLE
136;64;31;89;48;62;INESTABLE
138;64;21;81;43;55;INESTABLE
130;64;23;89;47;61;INESTABLE
130;64;33;87;47;60;INESTABLE
134;61;38;87;47;60;INESTABLE
133;92;44;101;57;72;POTENCIAL INEST
140;93;32;90;49;63;POTENCIAL INEST
130;93;31;100;55;70;POTENCIAL INEST
133;92;28;94;50;64;POTENCIAL INEST
135;92;27;87;46;60;POTENCIAL INEST
129;94;30;90;47;61;ESTABLE
142;95;29;81;43;56;POTENCIAL INEST
134;94;31;91;49;63;POTENCIAL INEST
134;95;33;86;44;58;ESTABLE
139;94;31;76;40;52;ESTABLE
140;94;28;78;42;54;POTENCIAL INEST
138;94;28;75;40;51;POTENCIAL INEST
140;94;30;75;40;52;ESTABLE
140;94;29;74;40;51;POTENCIAL INEST
138;93;26;76;41;52;POTENCIAL INEST
132;95;29;84;45;58;POTENCIAL INEST
141;94;38;72;39;50;ESTABLE
141;92;32;76;42;54;ESTABLE
130;93;27;90;48;62;POTENCIAL INEST
138;92;31;76;41;53;ESTABLE
138;91;30;80;44;56;ESTABLE
134;92;30;87;46;60;ESTABLE
128;93;29;92;48;62;POTENCIAL INEST
130;95;30;81;42;55;ESTABLE
136;92;31;73;39;50;ESTABLE
132;93;31;84;45;58;ESTABLE
128;94;33;77;41;53;ESTABLE
136;96;35;73;41;51;ESTABLE
132;94;36;81;45;57;ESTABLE
129;93;30;82;43;56;ESTABLE
135;95;29;72;40;51;POTENCIAL INEST
143;94;31;70;39;50;POTENCIAL INEST
133;93;32;80;44;56;ESTABLE
131;94;32;88;49;62;ESTABLE
135;92;29;78;43;56;POTENCIAL INEST
135;92;30;79;44;56;ESTABLE
134;94;31;76;42;53;ESTABLE
134;94;33;82;46;58;ESTABLE
132;82;27;85;46;59;POTENCIAL INEST
137;52;29;74;40;52;INESTABLE
132;50;30;81;44;56;INESTABLE
131;81;29;77;41;53;POTENCIAL INEST
134;98;31;74;41;52;POTENCIAL INEST
131;81;29;76;42;53;POTENCIAL INEST
137;62;30;74;42;53;INESTABLE
130;82;28;80;45;57;POTENCIAL INEST
137;71;31;72;40;50;POTENCIAL INEST
139;91;32;70;39;49;POTENCIAL INEST
134;98;29;73;41;52;POTENCIAL INEST
135;99;31;74;41;52;POTENCIAL INEST
132;97;29;77;42;54;POTENCIAL INEST
135;97;35;67;37;47;POTENCIAL INEST
135;100;29;65;37;46;POTENCIAL INEST
127;100;29;78;44;55;POTENCIAL INEST
130;94;32;75;42;53;ESTABLE
134;90;29;70;39;50;POTENCIAL INEST
135;85;30;65;36;46;POTENCIAL INEST
131;80;31;72;41;51;POTENCIAL INEST
122;84;30;123;95;112;INESTABLE
125;84;29;104;54;89;POTENCIAL INEST
135;84;26;82;46;58;POTENCIAL INEST
136;84;30;74;41;52;POTENCIAL INEST
130;84;29;77;42;54;POTENCIAL INEST
128;83;30;80;45;57;POTENCIAL INEST
136;80;30;72;41;51;POTENCIAL INEST
138;90;30;46;42;47;INESTABLE
140;95;31;49;45;46;INESTABLE
127;100;26;58;52;53;POTENCIAL INEST
108;100;31;87;66;73;POTENCIAL INEST
130;100;29;70;63;65;POTENCIAL INEST
129;100;26;78;68;71;POTENCIAL INEST
123;75;28;54;59;44;CRITICO
116;75;24;39;48;13;CRITICO
116;73;30;61;36;42;CRITICO
118;97;30;66;53;64;CRITICO
111;61;23;80;57;63;CRITICO
66;23;21;57;33;41;CRITICO
127;68;22;75;54;61;INESTABLE
123;99;20;65;47;53;POTENCIAL INEST
120;100;31;59;39;46;POTENCIAL INEST
124;99;34;60;40;47;POTENCIAL INEST
121;99;30;65;40;48;POTENCIAL INEST
120;94;30;74;42;53;ESTABLE
119;85;30;76;41;53;POTENCIAL INEST
128;91;28;65;41;49;POTENCIAL INEST
133;99;27;58;36;43;POTENCIAL INEST
133;98;22;66;43;51;POTENCIAL INEST
131;98;22;69;46;53;POTENCIAL INEST
134;96;28;62;40;47;POTENCIAL INEST
137;97;33;59;37;44;POTENCIAL INEST
137;98;39;57;33;41;POTENCIAL INEST
140;98;33;53;33;39;INESTABLE
142;98;24;64;44;50;POTENCIAL INEST
141;97;27;80;48;59;POTENCIAL INEST
141;92;28;95;52;66;POTENCIAL INEST
140;92;29;95;51;66;POTENCIAL INEST
139;94;27;95;52;67;POTENCIAL INEST
138;94;30;100;55;70;POTENCIAL INEST
141;93;32;97;54;68;POTENCIAL INEST
137;93;30;97;53;68;POTENCIAL INEST
139;93;33;96;53;67;POTENCIAL INEST
138;93;28;96;53;67;POTENCIAL INEST
137;93;28;95;51;66;POTENCIAL INEST
137;93;28;97;54;68;POTENCIAL INEST
137;94;32;100;56;71;POTENCIAL INEST
139;94;29;94;50;65;POTENCIAL INEST
136;93;32;94;52;65;POTENCIAL INEST
136;93;30;96;52;67;POTENCIAL INEST
138;93;32;95;52;66;POTENCIAL INEST
133;95;29;101;55;71;POTENCIAL INEST
140;94;34;92;49;63;POTENCIAL INEST
137;94;28;91;49;63;POTENCIAL INEST
136;93;32;91;49;63;POTENCIAL INEST
142;93;30;92;51;65;POTENCIAL INEST
138;96;30;99;55;70;POTENCIAL INEST
137;92;27;107;61;76;POTENCIAL INEST
137;91;30;111;62;79;POTENCIAL INEST
145;92;25;106;59;75;POTENCIAL INEST
144;92;28;104;59;74;POTENCIAL INEST
133;92;26;133;74;94;INESTABLE
137;87;31;117;68;84;POTENCIAL INEST
133;90;43;108;57;74;POTENCIAL INEST
140;91;37;105;58;74;POTENCIAL INEST
139;93;35;107;59;75;POTENCIAL INEST
134;92;29;112;62;79;POTENCIAL INEST
134;92;29;110;58;74;POTENCIAL INEST
132;94;30;111;60;77;POTENCIAL INEST
133;94;31;108;58;75;POTENCIAL INEST
142;92;34;102;55;71;POTENCIAL INEST
143;96;34;96;59;51;POTENCIAL INEST
138;92;29;101;53;69;POTENCIAL INEST
140;93;31;99;54;69;POTENCIAL INEST
139;93;24;104;58;73;POTENCIAL INEST
139;93;30;100;54;69;POTENCIAL INEST
137;92;28;103;57;72;POTENCIAL INEST
138;93;32;100;54;70;POTENCIAL INEST
139;93;29;102;56;71;POTENCIAL INEST
137;92;35;102;56;71;POTENCIAL INEST
135;93;30;103;56;72;POTENCIAL INEST
134;93;30;100;54;54;ESTABLE
139;93;33;93;50;64;POTENCIAL INEST
139;93;30;94;51;66;POTENCIAL INEST
139;93;32;98;54;69;POTENCIAL INEST
137;93;30;97;53;68;POTENCIAL INEST
134;93;32;102;102;72;INESTABLE
134;93;32;99;54;69;POTENCIAL INEST
139;93;30;93;51;65;POTENCIAL INEST
135;93;33;96;52;67;POTENCIAL INEST
139;93;32;91;49;63;POTENCIAL INEST
133;94;26;98;55;69;POTENCIAL INEST
134;94;28;100;56;71;POTENCIAL INEST
139;93;29;94;51;65;POTENCIAL INEST
135;93;32;95;52;67;POTENCIAL INEST
140;94;30;95;52;66;POTENCIAL INEST
136;94;25;100;56;71;POTENCIAL INEST
135;92;30;101;56;71;POTENCIAL INEST
137;93;33;97;53;68;POTENCIAL INEST
135;94;32;98;53;68;POTENCIAL INEST
136;94;28;93;50;64;POTENCIAL INEST
135;94;26;97;53;68;POTENCIAL INEST
136;93;34;97;53;68;POTENCIAL INEST
135;93;34;98;54;70;POTENCIAL INEST
134;93;29;105;59;75;POTENCIAL INEST
138;93;34;100;54;69;POTENCIAL INEST
142;94;25;109;54;79;POTENCIAL INEST
135;91;33;107;58;74;POTENCIAL INEST
142;92;30;102;58;72;POTENCIAL INEST
140;90;23;115;67;83;POTENCIAL INEST
136;91;32;106;56;73;POTENCIAL INEST
137;92;36;99;52;67;POTENCIAL INEST
139;94;32;99;54;69;POTENCIAL INEST
143;93;35;99;55;70;POTENCIAL INEST
138;92;34;100;55;70;POTENCIAL INEST
137;92;30;101;56;71;POTENCIAL INEST
132;94;28;109;61;77;POTENCIAL INEST
130;91;27;105;57;73;POTENCIAL INEST
135;92;36;96;51;66;POTENCIAL INEST
138;92;36;100;56;73;POTENCIAL INEST
142;92;31;99;53;69;POTENCIAL INEST
139;92;31;99;52;68;POTENCIAL INEST
142;92;29;97;51;66;POTENCIAL INEST
144;92;25;102;56;71;POTENCIAL INEST
145;94;34;105;57;73;POTENCIAL INEST
142;94;30;108;60;76;POTENCIAL INEST
142;93;32;108;59;75;POTENCIAL INEST
142;91;34;97;50;66;POTENCIAL INEST
147;92;30;101;56;71;POTENCIAL INEST
137;93;32;103;55;71;POTENCIAL INEST
138;93;29;94;50;64;POTENCIAL INEST
144;91;30;104;60;75;POTENCIAL INEST
141;94;32;103;57;72;POTENCIAL INEST
141;91;33;95;50;65;POTENCIAL INEST
139;93;35;107;59;75;POTENCIAL INEST
134;92;29;112;62;79;POTENCIAL INEST
134;92;29;110;58;74;POTENCIAL INEST
132;94;30;111;60;77;POTENCIAL INEST
133;94;31;108;58;75;POTENCIAL INEST
142;92;34;102;55;71;POTENCIAL INEST
143;96;34;96;59;51;POTENCIAL INEST
138;92;29;101;53;69;POTENCIAL INEST
140;93;31;99;54;69;POTENCIAL INEST
139;93;24;104;58;73;POTENCIAL INEST
139;93;30;100;54;69;POTENCIAL INEST
137;92;28;103;57;72;POTENCIAL INEST
138;93;32;100;54;70;POTENCIAL INEST
139;93;29;102;56;71;POTENCIAL INEST
137;92;35;102;56;71;POTENCIAL INEST
135;93;30;103;56;72;POTENCIAL INEST
134;93;30;100;54;64;POTENCIAL INEST
139;93;33;93;50;64;POTENCIAL INEST
139;93;30;94;51;66;POTENCIAL INEST
139;93;32;98;54;69;POTENCIAL INEST
137;93;30;97;53;68;POTENCIAL INEST
134;93;32;102;102;72;INESTABLE
134;93;32;99;54;69;POTENCIAL INEST
139;93;30;93;51;65;POTENCIAL INEST
135;93;33;96;52;67;POTENCIAL INEST
139;93;32;91;49;63;POTENCIAL INEST
133;94;26;98;55;69;POTENCIAL INEST
134;94;28;100;56;71;POTENCIAL INEST
139;93;29;94;51;65;POTENCIAL INEST
135;93;32;95;52;67;POTENCIAL INEST
140;94;30;95;52;66;POTENCIAL INEST
136;94;25;100;56;71;POTENCIAL INEST
135;92;30;101;56;71;POTENCIAL INEST
137;93;33;97;53;68;POTENCIAL INEST
135;94;32;98;53;68;POTENCIAL INEST
136;94;28;93;50;64;POTENCIAL INEST
135;94;26;97;53;68;POTENCIAL INEST
136;93;34;97;53;68;POTENCIAL INEST
135;93;34;98;54;70;POTENCIAL INEST
134;93;29;105;59;75;POTENCIAL INEST
138;93;34;100;54;69;POTENCIAL INEST
142;94;25;109;54;79;POTENCIAL INEST
135;91;33;107;58;74;POTENCIAL INEST
142;92;30;102;58;72;POTENCIAL INEST
140;90;23;115;67;83;POTENCIAL INEST
136;91;32;106;56;73;POTENCIAL INEST
137;92;36;99;52;67;POTENCIAL INEST
139;94;32;99;54;69;POTENCIAL INEST
143;93;35;99;55;70;POTENCIAL INEST
138;92;34;100;55;70;POTENCIAL INEST
137;92;30;101;56;71;POTENCIAL INEST
132;94;28;109;61;77;POTENCIAL INEST
130;91;27;105;57;73;POTENCIAL INEST
135;92;36;96;51;66;POTENCIAL INEST
138;92;36;100;56;73;POTENCIAL INEST
142;92;31;99;53;69;POTENCIAL INEST
139;92;31;99;52;68;POTENCIAL INEST
142;92;29;97;51;66;POTENCIAL INEST
144;92;25;102;56;71;POTENCIAL INEST
145;94;34;105;57;73;POTENCIAL INEST
142;94;30;108;60;76;POTENCIAL INEST
142;93;32;108;59;75;POTENCIAL INEST
142;91;34;97;50;66;POTENCIAL INEST
147;92;30;101;56;71;POTENCIAL INEST
137;93;32;103;55;71;POTENCIAL INEST
138;93;29;94;50;64;POTENCIAL INEST
144;91;30;104;60;75;POTENCIAL INEST
141;94;32;103;57;72;POTENCIAL INEST
145;88;33;110;59;76;POTENCIAL INEST
137;86;29;114;60;78;POTENCIAL INEST
139;86;27;107;55;72;POTENCIAL INEST
146;88;31;101;51;67;POTENCIAL INEST
142;88;35;113;62;79;POTENCIAL INEST
150;87;42;105;55;71;POTENCIAL INEST
153;87;28;98;50;66;POTENCIAL INEST
158;89;34;85;43;57;ESTABLE
148;95;30;90;47;61;ESTABLE
152;94;26;99;53;68;POTENCIAL INEST
149;85;28;95;49;65;POTENCIAL INEST
141;78;31;102;52;69;POTENCIAL INEST
147;76;32;96;47;63;POTENCIAL INEST
149;74;30;96;49;65;POTENCIAL INEST
144;75;31;101;53;69;POTENCIAL INEST
149;73;30;99;51;67;POTENCIAL INEST
143;69;32;99;50;67;INESTABLE
146;66;32;92;46;61;INESTABLE
145;84;33;92;46;61;POTENCIAL INEST
142;87;28;97;50;65;POTENCIAL INEST
142;77;26;97;49;65;POTENCIAL INEST
138;79;27;101;51;68;POTENCIAL INEST
134;76;24;100;49;66;POTENCIAL INEST
139;88;30;95;46;62;ESTABLE
145;92;33;92;47;62;ESTABLE
145;89;30;86;43;58;ESTABLE
147;90;30;87;45;59;ESTABLE
149;91;33;89;47;61;ESTABLE
148;89;33;94;49;64;POTENCIAL INEST
147;92;32;96;51;66;POTENCIAL INEST
148;95;35;97;51;66;POTENCIAL INEST
152;93;30;92;48;63;POTENCIAL INEST
151;93;31;86;45;59;ESTABLE
146;95;29;87;46;60;POTENCIAL INEST
135;93;24;102;54;70;POTENCIAL INEST
140;93;31;92;46;62;ESTABLE
146;93;31;86;44;58;ESTABLE
145;93;30;82;42;55;ESTABLE
147;95;31;80;42;55;ESTABLE
134;94;30;98;51;67;POTENCIAL INEST
142;88;30;88;45;59;ESTABLE
134;94;28;100;56;71;POTENCIAL INEST
139;93;29;94;51;65;POTENCIAL INEST
135;93;32;95;52;67;POTENCIAL INEST
140;94;30;95;52;66;POTENCIAL INEST
136;94;25;100;56;71;POTENCIAL INEST
135;92;30;101;56;71;POTENCIAL INEST
137;93;33;97;53;68;POTENCIAL INEST
135;94;32;98;53;68;POTENCIAL INEST
136;94;28;93;50;64;POTENCIAL INEST
135;94;26;97;53;68;POTENCIAL INEST
136;93;34;97;53;68;POTENCIAL INEST
135;93;34;98;54;70;POTENCIAL INEST
134;93;29;105;59;75;POTENCIAL INEST
138;93;34;100;54;69;POTENCIAL INEST
142;94;25;109;54;79;POTENCIAL INEST
135;91;33;107;58;74;POTENCIAL INEST
142;92;30;102;58;72;POTENCIAL INEST
140;90;23;115;67;83;POTENCIAL INEST
136;91;32;106;56;73;POTENCIAL INEST
137;92;36;99;52;67;POTENCIAL INEST
139;94;32;99;54;69;POTENCIAL INEST
143;93;35;99;55;70;POTENCIAL INEST
138;92;34;100;55;70;POTENCIAL INEST
137;92;30;101;56;71;POTENCIAL INEST
132;94;28;109;61;77;POTENCIAL INEST
130;91;27;105;57;73;POTENCIAL INEST
135;92;36;96;51;66;POTENCIAL INEST
137;93;34;101;55;70;POTENCIAL INEST
136;92;33;95;51;66;POTENCIAL INEST
127;85;30;131;76;94;INESTABLE
145;87;32;117;70;85;POTENCIAL INEST
142;90;32;110;59;76;POTENCIAL INEST
135;90;33;110;61;78;POTENCIAL INEST
141;89;33;108;59;75;POTENCIAL INEST
127;91;34;114;65;82;POTENCIAL INEST
133;94;32;120;70;86;INESTABLE
139;93;26;116;64;82;POTENCIAL INEST
143;92;38;114;63;80;POTENCIAL INEST
137;93;39;101;52;68;POTENCIAL INEST
144;92;38;108;61;77;POTENCIAL INEST
141;93;37;112;61;78;POTENCIAL INEST
138;91;31;102;51;68;POTENCIAL INEST
144;93;27;101;52;68;POTENCIAL INEST
152;92;27;97;50;65;POTENCIAL INEST
157;93;29;98;53;68;POTENCIAL INEST
148;92;40;95;48;64;POTENCIAL INEST
159;92;36;95;51;66;POTENCIAL INEST
151;92;28;110;61;77;POTENCIAL INEST
155;90;35;97;50;66;POTENCIAL INEST
154;87;34;100;52;68;POTENCIAL INEST
153;90;38;105;56;73;POTENCIAL INEST
157;89;37;88;45;59;ESTABLE
156;91;30;94;50;65;POTENCIAL INEST
159;90;35;93;49;63;POTENCIAL INEST
156;88;34;98;52;67;POTENCIAL INEST
150;89;27;93;47;62;POTENCIAL INEST
156;88;23;86;44;58;POTENCIAL INEST
160;88;23;93;51;65;POTENCIAL INEST
154;87;32;88;46;60;POTENCIAL INEST
153;87;31;86;45;59;POTENCIAL INEST
153;87;28;89;47;61;POTENCIAL INEST
156;87;29;87;46;60;POTENCIAL INEST
156;86;31;88;47;61;POTENCIAL INEST
143;88;25;102;56;71;POTENCIAL INEST
147;87;35;103;56;72;POTENCIAL INEST
143;86;28;103;55;71;POTENCIAL INEST
149;85;29;109;59;76;POTENCIAL INEST
148;84;35;97;51;66;POTENCIAL INEST
149;81;30;99;51;67;POTENCIAL INEST
150;77;44;95;49;64;POTENCIAL INEST
140;84;27;104;57;72;POTENCIAL INEST
144;92;25;102;56;71;POTENCIAL INEST
145;94;34;105;57;73;POTENCIAL INEST
142;94;30;108;60;76;POTENCIAL INEST
142;93;32;108;59;75;POTENCIAL INEST
142;91;34;97;50;66;POTENCIAL INEST
147;92;30;101;56;71;POTENCIAL INEST
137;93;32;103;55;71;POTENCIAL INEST
138;93;29;94;50;64;POTENCIAL INEST
144;91;30;104;60;75;POTENCIAL INEST
141;94;32;103;57;72;POTENCIAL INEST
145;88;33;110;59;76;POTENCIAL INEST
137;86;29;114;60;78;POTENCIAL INEST
139;86;27;107;55;72;POTENCIAL INEST
146;88;31;101;51;67;POTENCIAL INEST
142;88;35;113;62;79;POTENCIAL INEST
150;87;42;105;55;71;POTENCIAL INEST
153;87;28;98;50;66;POTENCIAL INEST
158;89;34;85;43;57;ESTABLE
148;95;30;90;47;61;ESTABLE
152;94;26;99;53;68;POTENCIAL INEST
149;85;28;95;49;65;POTENCIAL INEST
141;78;31;102;52;69;POTENCIAL INEST
147;76;32;96;47;63;POTENCIAL INEST
149;74;30;96;49;65;POTENCIAL INEST
144;75;31;101;53;69;POTENCIAL INEST
149;73;30;99;51;67;POTENCIAL INEST
143;69;32;99;50;67;INESTABLE
146;66;32;92;46;61;INESTABLE
145;84;33;92;46;61;POTENCIAL INEST
142;87;28;97;50;65;POTENCIAL INEST
142;77;26;97;49;65;POTENCIAL INEST
138;79;27;101;51;68;POTENCIAL INEST
134;76;24;100;49;66;POTENCIAL INEST
139;88;30;95;46;62;ESTABLE
145;92;33;92;47;62;ESTABLE
145;89;30;86;43;58;ESTABLE
147;90;30;87;45;59;ESTABLE
149;91;33;89;47;61;ESTABLE
148;89;33;94;49;64;POTENCIAL INEST
147;92;32;96;51;66;POTENCIAL INEST
148;95;35;97;51;66;POTENCIAL INEST
152;93;30;92;48;63;POTENCIAL INEST
151;93;31;86;45;59;ESTABLE
146;95;29;87;46;60;POTENCIAL INEST
135;93;24;102;54;70;POTENCIAL INEST
140;93;31;92;46;62;ESTABLE
146;93;31;86;44;58;ESTABLE
145;93;30;82;42;55;ESTABLE
147;95;31;80;42;55;ESTABLE
134;94;30;98;51;67;POTENCIAL INEST
142;88;30;88;45;59;ESTABLE
134;94;28;100;56;71;POTENCIAL INEST
139;93;29;94;51;65;POTENCIAL INEST
135;93;32;95;52;67;POTENCIAL INEST
140;94;30;95;52;66;POTENCIAL INEST
136;94;25;100;56;71;POTENCIAL INEST
135;92;30;101;56;71;POTENCIAL INEST
137;93;33;97;53;68;POTENCIAL INEST
135;94;32;98;53;68;POTENCIAL INEST
136;94;28;93;50;64;POTENCIAL INEST
135;94;26;97;53;68;POTENCIAL INEST
136;93;34;97;53;68;POTENCIAL INEST
135;93;34;98;54;70;POTENCIAL INEST
134;93;29;105;59;75;POTENCIAL INEST
138;93;34;100;54;69;POTENCIAL INEST
142;94;25;109;54;79;POTENCIAL INEST
135;91;33;107;58;74;POTENCIAL INEST
142;92;30;102;58;72;POTENCIAL INEST
140;90;23;115;67;83;POTENCIAL INEST
136;91;32;106;56;73;POTENCIAL INEST
137;92;36;99;52;67;POTENCIAL INEST
139;94;32;99;54;69;POTENCIAL INEST
143;93;35;99;55;70;POTENCIAL INEST
138;92;34;100;55;70;POTENCIAL INEST
137;92;30;101;56;71;POTENCIAL INEST
132;94;28;109;61;77;POTENCIAL INEST
130;91;27;105;57;73;POTENCIAL INEST
135;92;36;96;51;66;POTENCIAL INEST
137;93;34;101;55;70;POTENCIAL INEST
136;92;33;95;51;66;POTENCIAL INEST
127;85;30;131;76;94;INESTABLE
145;87;32;117;70;85;POTENCIAL INEST
142;90;32;110;59;76;POTENCIAL INEST
135;90;33;110;61;78;POTENCIAL INEST
141;89;33;108;59;75;POTENCIAL INEST
127;91;34;114;65;82;POTENCIAL INEST
139;92;31;99;52;68;POTENCIAL INEST
142;92;29;97;51;66;POTENCIAL INEST
144;92;25;102;56;71;POTENCIAL INEST
145;94;34;105;57;73;POTENCIAL INEST
142;94;30;108;60;76;POTENCIAL INEST
142;93;32;108;59;75;POTENCIAL INEST
142;91;34;97;50;66;POTENCIAL INEST
147;92;30;101;56;71;POTENCIAL INEST
137;93;32;103;55;71;POTENCIAL INEST
138;93;29;94;50;64;POTENCIAL INEST
144;91;30;104;60;75;POTENCIAL INEST
141;94;32;103;57;72;POTENCIAL INEST
141;91;33;95;50;65;POTENCIAL INEST
141;92;28;95;52;66;POTENCIAL INEST
140;92;29;95;51;66;POTENCIAL INEST
139;94;27;95;52;67;POTENCIAL INEST
138;94;30;100;55;70;POTENCIAL INEST
141;93;32;97;54;68;POTENCIAL INEST
137;93;30;97;53;68;POTENCIAL INEST
139;93;33;96;53;67;POTENCIAL INEST
138;93;28;96;53;67;POTENCIAL INEST
137;93;28;95;51;66;POTENCIAL INEST
137;93;28;97;54;68;POTENCIAL INEST
137;94;32;100;56;71;POTENCIAL INEST
139;94;29;94;50;65;POTENCIAL INEST
136;93;32;94;52;65;POTENCIAL INEST
136;93;30;96;52;67;POTENCIAL INEST
138;93;32;95;52;66;POTENCIAL INEST
133;95;29;101;55;71;POTENCIAL INEST
140;94;34;92;49;63;POTENCIAL INEST
137;94;28;91;49;63;POTENCIAL INEST
136;93;32;91;49;63;POTENCIAL INEST
142;93;30;92;51;65;POTENCIAL INEST
138;96;30;99;55;70;POTENCIAL INEST
137;92;27;107;61;76;POTENCIAL INEST
137;91;30;111;62;79;POTENCIAL INEST
145;92;25;106;59;75;POTENCIAL INEST
144;92;28;104;59;74;POTENCIAL INEST
133;92;26;133;74;94;INESTABLE
148;95;35;97;51;66;POTENCIAL INEST
152;93;30;92;48;63;POTENCIAL INEST
151;93;31;86;45;59;ESTABLE
146;95;29;87;46;60;POTENCIAL INEST
135;93;24;102;54;70;POTENCIAL INEST
140;93;31;92;46;62;ESTABLE
146;93;31;86;44;58;ESTABLE
145;93;30;82;42;55;ESTABLE
147;95;31;80;42;55;ESTABLE
134;94;30;98;51;67;POTENCIAL INEST
142;88;30;88;45;59;ESTABLE
134;94;28;100;56;71;POTENCIAL INEST
139;93;29;94;51;65;POTENCIAL INEST
135;93;32;95;52;67;POTENCIAL INEST
140;94;30;95;52;66;POTENCIAL INEST
139;69;32;84;44;57;INESTABLE
130;70;27;91;47;62;POTENCIAL INEST
131;70;25;89;45;60;POTENCIAL INEST
134;70;24;86;43;58;POTENCIAL INEST
131;69;27;87;44;59;INESTABLE
138;72;30;81;42;55;POTENCIAL INEST
131;79;29;91;48;62;POTENCIAL INEST
132;81;29;87;45;59;POTENCIAL INEST
139;69;28;81;43;55;INESTABLE
136;64;31;89;48;62;INESTABLE
138;64;21;81;43;55;INESTABLE
130;64;23;89;47;61;INESTABLE
130;64;33;87;47;60;INESTABLE
134;61;38;87;47;60;INESTABLE
133;92;44;101;57;72;POTENCIAL INEST
140;93;32;90;49;63;POTENCIAL INEST
130;93;31;100;55;70;POTENCIAL INEST
133;92;28;94;50;64;POTENCIAL INEST
135;92;27;87;46;60;POTENCIAL INEST
129;94;30;90;47;61;ESTABLE
142;95;29;81;43;56;POTENCIAL INEST
134;94;31;91;49;63;POTENCIAL INEST
134;95;33;86;44;58;ESTABLE
139;94;31;76;40;52;ESTABLE
140;94;28;78;42;54;POTENCIAL INEST
138;94;28;75;40;51;POTENCIAL INEST
140;94;30;75;40;52;ESTABLE
140;94;29;74;40;51;POTENCIAL INEST
138;93;26;76;41;52;POTENCIAL INEST
132;95;29;84;45;58;POTENCIAL INEST
141;94;38;72;39;50;ESTABLE
141;92;32;76;42;54;ESTABLE
130;93;27;90;48;62;POTENCIAL INEST
138;92;31;76;41;53;ESTABLE
138;91;30;80;44;56;ESTABLE
134;92;30;87;46;60;ESTABLE
128;93;29;92;48;62;POTENCIAL INEST
130;95;30;81;42;55;ESTABLE
136;92;31;73;39;50;ESTABLE
132;93;31;84;45;58;ESTABLE
128;94;33;77;41;53;ESTABLE
136;96;35;73;41;51;ESTABLE
132;94;36;81;45;57;ESTABLE
129;93;30;82;43;56;ESTABLE
135;95;29;72;40;51;POTENCIAL INEST
143;94;31;70;39;50;POTENCIAL INEST
133;93;32;80;44;56;ESTABLE
131;94;32;88;49;62;ESTABLE
136;94;28;93;50;64;POTENCIAL INEST
135;94;26;97;53;68;POTENCIAL INEST
136;93;34;97;53;68;POTENCIAL INEST
135;93;34;98;54;70;POTENCIAL INEST
134;93;29;105;59;75;POTENCIAL INEST
138;93;34;100;54;69;POTENCIAL INEST
142;94;25;109;54;79;POTENCIAL INEST
135;91;33;107;58;74;POTENCIAL INEST
142;92;30;102;58;72;POTENCIAL INEST
140;90;23;115;67;83;POTENCIAL INEST
136;91;32;106;56;73;POTENCIAL INEST
137;92;36;99;52;67;POTENCIAL INEST
139;94;32;99;54;69;POTENCIAL INEST
143;93;35;99;55;70;POTENCIAL INEST
138;92;34;100;55;70;POTENCIAL INEST
137;92;30;101;56;71;POTENCIAL INEST
132;94;28;109;61;77;POTENCIAL INEST
130;91;27;105;57;73;POTENCIAL INEST
135;92;36;96;51;66;POTENCIAL INEST
137;93;34;101;55;70;POTENCIAL INEST
136;92;33;95;51;66;POTENCIAL INEST
127;85;30;131;76;94;INESTABLE
145;87;32;117;70;85;POTENCIAL INEST
142;90;32;110;59;76;POTENCIAL INEST
135;90;33;110;61;78;POTENCIAL INEST
141;89;33;108;59;75;POTENCIAL INEST
127;91;34;114;65;82;POTENCIAL INEST
139;92;31;99;52;68;POTENCIAL INEST
142;92;29;97;51;66;POTENCIAL INEST
144;92;25;102;56;71;POTENCIAL INEST
145;94;34;105;57;73;POTENCIAL INEST
142;94;30;108;60;76;POTENCIAL INEST
142;93;32;108;59;75;POTENCIAL INEST
142;91;34;97;50;66;POTENCIAL INEST
147;92;30;101;56;71;POTENCIAL INEST
137;93;32;103;55;71;POTENCIAL INEST
138;93;29;94;50;64;POTENCIAL INEST
144;91;30;104;60;75;POTENCIAL INEST
141;94;32;103;57;72;POTENCIAL INEST
141;91;33;95;50;65;POTENCIAL INEST
141;92;28;95;52;66;POTENCIAL INEST
140;92;29;95;51;66;POTENCIAL INEST
139;94;27;95;52;67;POTENCIAL INEST
138;94;30;100;55;70;POTENCIAL INEST
141;93;32;97;54;68;POTENCIAL INEST
137;93;30;97;53;68;POTENCIAL INEST
139;93;33;96;53;67;POTENCIAL INEST
138;93;28;96;53;67;POTENCIAL INEST
137;93;28;95;51;66;POTENCIAL INEST
137;93;28;97;54;68;POTENCIAL INEST
137;94;32;100;56;71;POTENCIAL INEST
139;94;29;94;50;65;POTENCIAL INEST
136;93;32;94;52;65;POTENCIAL INEST
136;93;30;96;52;67;POTENCIAL INEST
138;93;32;95;52;66;POTENCIAL INEST
133;95;29;101;55;71;POTENCIAL INEST
140;94;34;92;49;63;POTENCIAL INEST
137;94;28;91;49;63;POTENCIAL INEST
136;93;32;91;49;63;POTENCIAL INEST
142;93;30;92;51;65;POTENCIAL INEST
138;96;30;99;55;70;POTENCIAL INEST
137;92;27;107;61;76;POTENCIAL INEST
137;91;30;111;62;79;POTENCIAL INEST
149;73;30;99;51;67;POTENCIAL INEST
143;69;32;99;50;67;INESTABLE
146;66;32;92;46;61;INESTABLE
145;84;33;92;46;61;POTENCIAL INEST
142;87;28;97;50;65;POTENCIAL INEST
142;77;26;97;49;65;POTENCIAL INEST
138;79;27;101;51;68;POTENCIAL INEST
134;76;24;100;49;66;POTENCIAL INEST
139;88;30;95;46;62;ESTABLE
145;92;33;92;47;62;ESTABLE
145;89;30;86;43;58;ESTABLE
147;90;30;87;45;59;ESTABLE
149;91;33;89;47;61;ESTABLE
148;89;33;94;49;64;POTENCIAL INEST
147;92;32;96;51;66;POTENCIAL INEST
148;95;35;97;51;66;POTENCIAL INEST
152;93;30;92;48;63;POTENCIAL INEST
151;93;31;86;45;59;ESTABLE
146;95;29;87;46;60;POTENCIAL INEST
135;93;24;102;54;70;POTENCIAL INEST
140;93;31;92;46;62;ESTABLE
146;93;31;86;44;58;ESTABLE
145;93;30;82;42;55;ESTABLE
147;95;31;80;42;55;ESTABLE
134;94;30;98;51;67;POTENCIAL INEST
142;88;30;88;45;59;ESTABLE
143;88;28;87;45;59;POTENCIAL INEST
145;64;37;85;45;58;INESTABLE
150;99;27;88;47;61;POTENCIAL INEST
143;97;34;95;51;66;POTENCIAL INEST
139;97;27;99;52;68;POTENCIAL INEST
146;99;27;94;50;64;POTENCIAL INEST
142;98;26;89;46;60;POTENCIAL INEST
145;96;23;84;44;57;POTENCIAL INEST
140;91;28;90;48;62;POTENCIAL INEST
138;93;33;91;48;62;ESTABLE
144;90;28;90;48;62;POTENCIAL INEST
143;90;28;88;45;59;POTENCIAL INEST
144;98;24;78;41;53;POTENCIAL INEST
143;91;29;87;46;60;POTENCIAL INEST
144;93;32;88;46;60;ESTABLE
141;89;30;88;46;59;ESTABLE
144;85;30;84;44;57;POTENCIAL INEST
147;81;31;82;43;56;POTENCIAL INEST
145;81;37;84;45;58;POTENCIAL INEST
141;79;29;81;43;56;POTENCIAL INEST
141;83;36;84;45;58;POTENCIAL INEST
140;95;30;86;45;59;ESTABLE
145;91;34;77;41;53;ESTABLE
145;95;29;87;47;61;POTENCIAL INEST
143;96;29;82;44;57;POTENCIAL INEST
138;88;27;84;45;58;POTENCIAL INEST
137;92;27;87;45;59;POTENCIAL INEST
140;94;27;80;42;55;POTENCIAL INEST
136;91;30;86;45;59;ESTABLE
139;85;36;85;45;59;POTENCIAL INEST
138;73;28;87;46;59;POTENCIAL INEST
133;70;33;109;57;74;POTENCIAL INEST
143;73;38;88;44;59;POTENCIAL INEST
137;74;31;90;48;62;POTENCIAL INEST
143;73;36;89;47;61;POTENCIAL INEST
149;72;35;83;45;57;POTENCIAL INEST
146;72;39;93;50;65;POTENCIAL INEST
139;69;32;84;44;57;INESTABLE
130;70;27;91;47;62;POTENCIAL INEST
131;70;25;89;45;60;POTENCIAL INEST
134;70;24;86;43;58;POTENCIAL INEST
131;69;27;87;44;59;INESTABLE
138;72;30;81;42;55;POTENCIAL INEST
131;79;29;91;48;62;POTENCIAL INEST
132;81;29;87;45;59;POTENCIAL INEST
139;69;28;81;43;55;INESTABLE
136;64;31;89;48;62;INESTABLE
138;64;21;81;43;55;INESTABLE
130;64;23;89;47;61;INESTABLE
138;79;27;101;51;68;POTENCIAL INEST
134;76;24;100;49;66;POTENCIAL INEST
139;88;30;95;46;62;ESTABLE
145;92;33;92;47;62;ESTABLE
145;89;30;86;43;58;ESTABLE
147;90;30;87;45;59;ESTABLE
149;91;33;89;47;61;ESTABLE
148;89;33;94;49;64;POTENCIAL INEST
147;92;32;96;51;66;POTENCIAL INEST
148;95;35;97;51;66;POTENCIAL INEST
152;93;30;92;48;63;POTENCIAL INEST
151;93;31;86;45;59;ESTABLE
146;95;29;87;46;60;POTENCIAL INEST
135;93;24;102;54;70;POTENCIAL INEST
140;93;31;92;46;62;ESTABLE
146;93;31;86;44;58;ESTABLE
145;93;30;82;42;55;ESTABLE
147;95;31;80;42;55;ESTABLE
134;94;30;98;51;67;POTENCIAL INEST
142;88;30;88;45;59;ESTABLE
143;88;28;87;45;59;POTENCIAL INEST
145;64;37;85;45;58;INESTABLE
150;99;27;88;47;61;POTENCIAL INEST
143;97;34;95;51;66;POTENCIAL INEST
139;97;27;99;52;68;POTENCIAL INEST
146;99;27;94;50;64;POTENCIAL INEST
142;98;26;89;46;60;POTENCIAL INEST
130;94;32;75;42;53;ESTABLE
134;90;29;70;39;50;POTENCIAL INEST
135;85;30;65;36;46;POTENCIAL INEST
131;80;31;72;41;51;POTENCIAL INEST
122;84;30;123;95;112;INESTABLE
125;84;29;114;54;89;POTENCIAL INEST
135;84;26;82;46;58;POTENCIAL INEST
136;84;30;74;41;52;POTENCIAL INEST
130;84;29;77;42;54;POTENCIAL INEST
128;83;30;80;45;57;POTENCIAL INEST
136;80;30;72;41;51;POTENCIAL INEST
138;90;30;46;42;47;INESTABLE
140;95;31;49;45;46;INESTABLE
139;88;30;95;46;62;ESTABLE
145;92;33;92;47;62;ESTABLE
145;89;30;86;43;58;ESTABLE
147;90;30;87;45;59;ESTABLE
149;91;33;89;47;61;ESTABLE
148;89;33;94;49;64;POTENCIAL INEST
147;92;32;96;51;66;POTENCIAL INEST
148;95;35;97;51;66;POTENCIAL INEST
152;93;30;92;48;63;POTENCIAL INEST
151;93;31;86;45;59;ESTABLE
146;95;29;87;46;60;POTENCIAL INEST
135;93;24;102;54;70;POTENCIAL INEST
140;93;31;92;46;62;ESTABLE
146;93;31;86;44;58;ESTABLE
145;93;30;82;42;55;ESTABLE
147;95;31;80;42;55;ESTABLE
134;94;30;98;51;67;POTENCIAL INEST
142;88;30;88;45;59;ESTABLE
143;88;28;87;45;59;POTENCIAL INEST
145;64;37;85;45;58;INESTABLE
150;99;27;88;47;61;POTENCIAL INEST
143;97;34;95;51;66;POTENCIAL INEST
139;97;27;99;52;68;POTENCIAL INEST
146;99;27;94;50;64;POTENCIAL INEST
142;98;26;89;46;60;POTENCIAL INEST
130;94;32;75;42;53;ESTABLE
134;90;29;70;39;50;POTENCIAL INEST
135;85;30;65;36;46;POTENCIAL INEST
131;80;31;72;41;51;POTENCIAL INEST
122;84;30;123;95;112;INESTABLE
125;84;29;104;54;89;POTENCIAL INEST
135;84;26;82;46;58;POTENCIAL INEST
136;84;30;74;41;52;POTENCIAL INEST
132;84;29;77;42;54;POTENCIAL INEST
128;83;30;80;45;57;POTENCIAL INEST
136;80;30;72;41;51;POTENCIAL INEST
138;90;30;46;42;47;INESTABLE
140;95;31;49;45;46;INESTABLE
145;94;34;105;57;73;POTENCIAL INEST
142;94;30;108;60;76;POTENCIAL INEST
142;93;32;108;59;75;POTENCIAL INEST
142;91;34;97;50;66;POTENCIAL INEST
147;92;30;101;56;71;POTENCIAL INEST
137;93;32;103;55;71;POTENCIAL INEST
138;93;29;94;50;64;POTENCIAL INEST
144;91;30;104;60;75;POTENCIAL INEST
141;94;32;103;57;72;POTENCIAL INEST
141;91;33;95;50;65;POTENCIAL INEST
141;92;28;95;52;66;POTENCIAL INEST
140;92;29;95;51;66;POTENCIAL INEST
139;94;27;95;52;67;POTENCIAL INEST
138;94;30;100;55;70;POTENCIAL INEST
141;93;32;97;54;68;POTENCIAL INEST
137;93;30;97;53;68;POTENCIAL INEST
139;93;33;96;53;67;POTENCIAL INEST
138;93;28;96;53;67;POTENCIAL INEST
135;93;24;102;54;70;POTENCIAL INEST
140;93;31;92;46;62;ESTABLE
146;93;31;86;44;58;ESTABLE
145;93;30;82;42;55;ESTABLE
147;95;31;80;42;55;ESTABLE
134;94;30;98;51;67;POTENCIAL INEST
142;88;30;88;45;59;ESTABLE
134;94;28;100;56;71;POTENCIAL INEST
139;93;29;94;51;65;POTENCIAL INEST
135;93;32;95;52;67;POTENCIAL INEST
140;94;30;95;52;66;POTENCIAL INEST
139;69;32;84;44;57;INESTABLE
130;70;27;91;47;62;POTENCIAL INEST
131;70;25;89;45;60;POTENCIAL INEST
134;70;24;86;43;58;POTENCIAL INEST
131;69;27;87;44;59;INESTABLE
138;72;30;81;42;55;POTENCIAL INEST
131;79;29;91;48;62;POTENCIAL INEST
132;81;29;87;45;59;POTENCIAL INEST
139;69;28;81;43;55;INESTABLE
136;64;31;89;48;62;INESTABLE
138;64;21;81;43;55;INESTABLE
130;64;23;89;47;61;INESTABLE
130;64;33;87;47;60;INESTABLE
134;61;38;87;47;60;INESTABLE
133;92;44;101;57;72;POTENCIAL INEST
140;93;32;90;49;63;POTENCIAL INEST
130;93;31;100;55;70;POTENCIAL INEST
133;92;28;94;50;64;POTENCIAL INEST
135;92;27;87;46;60;POTENCIAL INEST
129;94;30;90;47;61;ESTABLE
142;95;29;81;43;56;POTENCIAL INEST
134;94;31;91;49;63;POTENCIAL INEST
134;95;33;86;44;58;ESTABLE
139;94;31;76;40;52;ESTABLE
140;94;28;78;42;54;POTENCIAL INEST
138;94;28;75;40;51;POTENCIAL INEST
140;94;30;75;40;52;ESTABLE
140;94;29;74;40;51;POTENCIAL INEST
138;93;26;76;41;52;POTENCIAL INEST
132;95;29;84;45;58;POTENCIAL INEST
141;94;38;72;39;50;ESTABLE
141;92;32;76;42;54;ESTABLE
130;93;27;90;48;62;POTENCIAL INEST
138;92;31;76;41;53;ESTABLE
138;91;30;80;44;56;ESTABLE
134;92;30;87;46;60;ESTABLE
128;93;29;92;48;62;POTENCIAL INEST
130;95;30;81;42;55;ESTABLE
136;92;31;73;39;50;ESTABLE
132;93;31;84;45;58;ESTABLE
128;94;33;77;41;53;ESTABLE
136;96;35;73;41;51;ESTABLE
132;94;36;81;45;57;ESTABLE
129;93;30;82;43;56;ESTABLE
135;95;29;72;40;51;POTENCIAL INEST
143;94;31;70;39;50;POTENCIAL INEST
133;93;32;80;44;56;ESTABLE
131;94;32;88;49;62;ESTABLE
134;76;24;100;49;66;POTENCIAL INEST
139;88;30;95;46;62;ESTABLE
145;92;33;92;47;62;ESTABLE
145;89;30;86;43;58;ESTABLE
147;90;30;87;45;59;ESTABLE
149;91;33;89;47;61;ESTABLE
148;89;33;94;49;64;POTENCIAL INEST
147;92;32;96;51;66;POTENCIAL INEST
148;95;35;97;51;66;POTENCIAL INEST
152;93;30;92;48;63;POTENCIAL INEST
151;93;31;86;45;59;ESTABLE
146;95;29;87;46;60;POTENCIAL INEST
135;93;24;102;54;70;POTENCIAL INEST
140;93;31;92;46;62;ESTABLE
146;93;31;86;44;58;ESTABLE
145;93;30;82;42;55;ESTABLE
147;95;31;80;42;55;ESTABLE
134;94;30;98;51;67;POTENCIAL INEST
142;88;30;88;45;59;ESTABLE
134;94;28;100;56;71;POTENCIAL INEST
139;93;29;94;51;65;POTENCIAL INEST
135;93;32;95;52;67;POTENCIAL INEST
140;94;30;95;52;66;POTENCIAL INEST
136;94;25;100;56;71;POTENCIAL INEST
135;92;30;101;56;71;POTENCIAL INEST
137;93;33;97;53;68;POTENCIAL INEST
135;94;32;98;53;68;POTENCIAL INEST
136;94;28;93;50;64;POTENCIAL INEST
135;94;26;97;53;68;POTENCIAL INEST
136;93;34;97;53;68;POTENCIAL INEST
135;93;24;102;54;70;POTENCIAL INEST
140;93;31;92;46;62;ESTABLE
146;93;31;86;44;58;ESTABLE
145;93;30;82;42;55;ESTABLE
147;95;31;80;42;55;ESTABLE
134;94;30;98;51;67;POTENCIAL INEST
142;88;30;88;45;59;ESTABLE
143;88;28;87;45;59;POTENCIAL INEST
145;64;37;85;45;58;INESTABLE
150;99;27;88;47;61;POTENCIAL INEST
143;97;34;95;51;66;POTENCIAL INEST
139;97;27;99;52;68;POTENCIAL INEST
146;99;27;94;50;64;POTENCIAL INEST
142;98;26;89;46;60;POTENCIAL INEST
130;94;32;75;42;53;ESTABLE
134;90;29;70;39;50;POTENCIAL INEST
135;85;30;65;36;46;POTENCIAL INEST
131;80;31;72;41;51;POTENCIAL INEST
122;84;30;123;95;112;INESTABLE
125;84;29;104;54;89;POTENCIAL INEST
135;84;26;82;46;58;POTENCIAL INEST
136;84;30;74;41;52;POTENCIAL INEST
135;84;29;77;42;54;POTENCIAL INEST
128;83;30;80;45;57;POTENCIAL INEST
136;80;30;72;41;51;POTENCIAL INEST
133;90;43;108;57;74;POTENCIAL INEST
140;91;37;105;58;74;POTENCIAL INEST
139;93;35;107;59;75;POTENCIAL INEST
134;92;29;112;62;79;POTENCIAL INEST
134;92;29;110;58;74;POTENCIAL INEST
132;94;30;111;60;77;POTENCIAL INEST
133;94;31;108;58;75;POTENCIAL INEST
142;92;34;102;55;71;POTENCIAL INEST
143;96;34;96;59;51;POTENCIAL INEST
138;92;29;101;53;69;POTENCIAL INEST
140;93;31;99;54;69;POTENCIAL INEST
139;93;24;104;58;73;POTENCIAL INEST
139;93;30;100;54;69;POTENCIAL INEST
137;92;28;103;57;72;POTENCIAL INEST
138;93;32;100;54;70;POTENCIAL INEST
139;93;29;102;56;71;POTENCIAL INEST
137;92;35;102;56;71;POTENCIAL INEST
135;93;30;103;56;72;POTENCIAL INEST
134;93;30;100;54;64;POTENCIAL INEST
139;93;33;93;50;64;POTENCIAL INEST
139;93;30;94;51;66;POTENCIAL INEST
139;93;32;98;54;69;POTENCIAL INEST
137;93;30;97;53;68;POTENCIAL INEST
134;93;32;102;102;72;INESTABLE
134;93;32;99;54;69;POTENCIAL INEST
139;93;30;93;51;65;POTENCIAL INEST
135;93;33;96;52;67;POTENCIAL INEST
139;93;32;91;49;63;POTENCIAL INEST
133;94;26;98;55;69;POTENCIAL INEST
134;94;28;100;56;71;POTENCIAL INEST
139;93;29;94;51;65;POTENCIAL INEST
135;93;32;95;52;67;POTENCIAL INEST
140;94;30;95;52;66;POTENCIAL INEST
136;94;25;100;56;71;POTENCIAL INEST
135;92;30;101;56;71;POTENCIAL INEST
137;93;33;97;53;68;POTENCIAL INEST
135;94;32;98;53;68;POTENCIAL INEST
136;94;28;93;50;64;POTENCIAL INEST
135;94;26;97;53;68;POTENCIAL INEST
136;93;34;97;53;68;POTENCIAL INEST
135;93;34;98;54;70;POTENCIAL INEST
134;93;29;105;59;75;POTENCIAL INEST
138;93;34;100;54;69;POTENCIAL INEST
142;94;25;109;54;79;POTENCIAL INEST
135;91;33;107;58;74;POTENCIAL INEST
138;72;30;81;42;55;POTENCIAL INEST
131;79;29;91;48;62;POTENCIAL INEST
132;81;29;87;45;59;POTENCIAL INEST
139;69;28;81;43;55;INESTABLE
136;64;31;89;48;62;INESTABLE
138;64;21;81;43;55;INESTABLE
130;64;23;89;47;61;INESTABLE
130;64;33;87;47;60;INESTABLE
134;61;38;87;47;60;INESTABLE
133;92;44;101;57;72;POTENCIAL INEST
140;93;32;90;49;63;POTENCIAL INEST
130;93;31;100;55;70;POTENCIAL INEST
133;92;28;94;50;64;POTENCIAL INEST
135;92;27;87;46;60;POTENCIAL INEST
129;94;30;90;47;61;ESTABLE
142;95;29;81;43;56;POTENCIAL INEST
134;94;31;91;49;63;POTENCIAL INEST
134;95;33;86;44;58;ESTABLE
139;94;31;76;40;52;ESTABLE
140;94;28;78;42;54;POTENCIAL INEST
138;94;28;75;40;51;POTENCIAL INEST
140;94;30;75;40;52;ESTABLE
140;94;29;74;40;51;POTENCIAL INEST
138;93;26;76;41;52;POTENCIAL INEST
132;95;29;84;45;58;POTENCIAL INEST
141;94;38;72;39;50;ESTABLE
141;92;32;76;42;54;ESTABLE
130;93;27;90;48;62;POTENCIAL INEST
138;92;31;76;41;53;ESTABLE
138;91;30;80;44;56;ESTABLE
134;92;30;87;46;60;ESTABLE
128;93;29;92;48;62;POTENCIAL INEST
130;95;30;81;42;55;ESTABLE
136;92;31;73;39;50;ESTABLE
132;93;31;84;45;58;ESTABLE
128;94;33;77;41;53;ESTABLE
136;96;35;73;41;51;ESTABLE
132;94;36;81;45;57;ESTABLE
129;93;30;82;43;56;ESTABLE
135;95;29;72;40;51;POTENCIAL INEST
143;94;31;70;39;50;POTENCIAL INEST
133;93;32;80;44;56;ESTABLE
131;94;32;88;49;62;ESTABLE
135;92;29;78;43;56;POTENCIAL INEST
135;92;30;79;44;56;ESTABLE
134;94;31;76;42;53;ESTABLE
134;94;33;82;46;58;ESTABLE
132;82;27;85;46;59;POTENCIAL INEST
137;52;29;74;40;52;INESTABLE
132;50;30;81;44;56;INESTABLE
131;81;29;77;41;53;POTENCIAL INEST
134;98;31;74;41;52;POTENCIAL INEST
131;81;29;76;42;53;POTENCIAL INEST
137;62;30;74;42;53;INESTABLE
130;82;28;80;45;57;POTENCIAL INEST
137;71;31;72;40;50;POTENCIAL INEST
139;91;32;70;39;49;POTENCIAL INEST
134;98;29;73;41;52;POTENCIAL INEST
135;99;31;74;41;52;POTENCIAL INEST
132;97;29;77;42;54;POTENCIAL INEST
135;97;35;67;37;47;POTENCIAL INEST
135;100;29;65;37;46;POTENCIAL INEST
127;100;29;78;44;55;POTENCIAL INEST
130;94;32;75;42;53;ESTABLE
134;90;29;70;39;50;POTENCIAL INEST
135;85;30;65;36;46;POTENCIAL INEST
131;80;31;72;41;51;POTENCIAL INEST
122;84;30;123;95;112;INESTABLE
125;84;29;104;54;89;POTENCIAL INEST
135;84;26;82;46;58;POTENCIAL INEST
136;84;30;74;41;52;POTENCIAL INEST
144;92;25;102;56;71;POTENCIAL INEST
145;94;34;105;57;73;POTENCIAL INEST
142;94;30;108;60;76;POTENCIAL INEST
142;93;32;108;59;75;POTENCIAL INEST
142;91;34;97;50;66;POTENCIAL INEST
147;92;30;101;56;71;POTENCIAL INEST
137;93;32;103;55;71;POTENCIAL INEST
138;93;29;94;50;64;POTENCIAL INEST
144;91;30;104;60;75;POTENCIAL INEST
141;94;32;103;57;72;POTENCIAL INEST
141;91;33;95;50;65;POTENCIAL INEST
141;92;28;95;52;66;POTENCIAL INEST
140;92;29;95;51;66;POTENCIAL INEST
139;94;27;95;52;67;POTENCIAL INEST
138;94;30;100;55;70;POTENCIAL INEST
141;93;32;97;54;68;POTENCIAL INEST
137;93;30;97;53;68;POTENCIAL INEST
139;93;33;96;53;67;POTENCIAL INEST
138;93;28;96;53;67;POTENCIAL INEST
137;93;28;95;51;66;POTENCIAL INEST
137;93;28;97;54;68;POTENCIAL INEST
137;94;32;100;56;71;POTENCIAL INEST
139;94;29;94;50;65;POTENCIAL INEST
136;93;32;94;52;65;POTENCIAL INEST
136;93;30;96;52;67;POTENCIAL INEST
138;93;32;95;52;66;POTENCIAL INEST
133;95;29;101;55;71;POTENCIAL INEST
140;94;34;92;49;63;POTENCIAL INEST
137;94;28;91;49;63;POTENCIAL INEST
136;93;32;91;49;63;POTENCIAL INEST
142;93;30;92;51;65;POTENCIAL INEST
138;96;30;99;55;70;POTENCIAL INEST
137;92;27;107;61;76;POTENCIAL INEST
137;91;30;111;62;79;POTENCIAL INEST
145;92;25;106;59;75;POTENCIAL INEST
144;92;28;104;59;74;POTENCIAL INEST
133;92;26;133;74;94;INESTABLE
137;87;31;117;68;84;POTENCIAL INEST
133;90;43;108;57;74;POTENCIAL INEST
140;91;37;105;58;74;POTENCIAL INEST
139;93;35;107;59;75;POTENCIAL INEST
134;92;29;112;62;79;POTENCIAL INEST
134;92;29;110;58;74;POTENCIAL INEST
132;94;30;111;60;77;POTENCIAL INEST
133;94;31;108;58;75;POTENCIAL INEST
142;92;34;102;55;71;POTENCIAL INEST
143;96;34;96;59;51;POTENCIAL INEST
138;92;29;101;53;69;POTENCIAL INEST
140;93;31;99;54;69;POTENCIAL INEST
139;93;24;104;58;73;POTENCIAL INEST
139;93;30;100;54;69;POTENCIAL INEST
137;92;28;103;57;72;POTENCIAL INEST
138;93;32;100;54;70;POTENCIAL INEST
139;93;29;102;56;71;POTENCIAL INEST
137;92;35;102;56;71;POTENCIAL INEST
135;93;30;103;56;72;POTENCIAL INEST
134;93;30;100;54;64;POTENCIAL INEST
139;93;33;93;50;64;POTENCIAL INEST
139;93;30;94;51;66;POTENCIAL INEST
139;93;32;98;54;69;POTENCIAL INEST
137;93;30;97;53;68;POTENCIAL INEST
134;93;32;102;102;72;INESTABLE
134;93;32;99;54;69;POTENCIAL INEST
139;93;30;93;51;65;POTENCIAL INEST
135;93;33;96;52;67;POTENCIAL INEST
139;93;32;91;49;63;POTENCIAL INEST
133;94;26;98;55;69;POTENCIAL INEST
134;94;28;100;56;71;POTENCIAL INEST
139;93;29;94;51;65;POTENCIAL INEST
135;93;32;95;52;67;POTENCIAL INEST
140;94;30;95;52;66;POTENCIAL INEST
136;94;25;100;56;71;POTENCIAL INEST
135;92;30;101;56;71;POTENCIAL INEST
137;93;33;97;53;68;POTENCIAL INEST
135;94;32;98;53;68;POTENCIAL INEST
136;94;28;93;50;64;POTENCIAL INEST
135;94;26;97;53;68;POTENCIAL INEST
136;93;34;97;53;68;POTENCIAL INEST
135;93;34;98;54;70;POTENCIAL INEST
134;93;29;105;59;75;POTENCIAL INEST
138;93;34;100;54;69;POTENCIAL INEST
142;94;25;109;54;79;POTENCIAL INEST
135;91;33;107;58;74;POTENCIAL INEST
142;92;30;102;58;72;POTENCIAL INEST
140;90;23;115;67;83;POTENCIAL INEST
136;91;32;106;56;73;POTENCIAL INEST
137;92;36;99;52;67;POTENCIAL INEST
139;94;32;99;54;69;POTENCIAL INEST
143;93;35;99;55;70;POTENCIAL INEST
138;92;34;100;55;70;POTENCIAL INEST
137;92;30;101;56;71;POTENCIAL INEST
132;94;28;109;61;77;POTENCIAL INEST
130;91;27;105;57;73;POTENCIAL INEST
135;92;36;96;51;66;POTENCIAL INEST
137;93;34;101;55;70;POTENCIAL INEST
136;92;33;95;51;66;POTENCIAL INEST
127;85;30;131;76;94;INESTABLE
145;87;32;117;70;85;POTENCIAL INEST
142;90;32;110;59;76;POTENCIAL INEST
135;90;33;110;61;78;POTENCIAL INEST
141;89;33;108;59;75;POTENCIAL INEST
127;91;34;114;65;82;POTENCIAL INEST
133;94;32;120;70;86;INESTABLE
139;93;26;116;64;82;POTENCIAL INEST
143;92;38;114;63;80;POTENCIAL INEST
137;93;39;101;52;68;POTENCIAL INEST
144;92;38;108;61;77;POTENCIAL INEST
141;93;37;112;61;78;POTENCIAL INEST
138;91;31;102;51;68;POTENCIAL INEST
144;93;27;101;52;68;POTENCIAL INEST
152;92;27;97;50;65;POTENCIAL INEST
128;83;30;80;45;57;POTENCIAL INEST
136;80;30;72;41;51;POTENCIAL INEST
138;90;30;46;42;47;INESTABLE
140;95;31;49;45;46;INESTABLE
139;88;30;95;46;62;ESTABLE
145;92;33;92;47;62;ESTABLE
145;89;30;86;43;58;ESTABLE
147;90;30;87;45;59;ESTABLE
149;91;33;89;47;61;ESTABLE
148;89;33;94;49;64;POTENCIAL INEST
147;92;32;96;51;66;POTENCIAL INEST
148;95;35;97;51;66;POTENCIAL INEST
152;93;30;92;48;63;POTENCIAL INEST
151;93;31;86;45;59;ESTABLE
146;95;29;87;46;60;POTENCIAL INEST
135;93;24;102;54;70;POTENCIAL INEST
140;93;31;92;46;62;ESTABLE
146;93;31;86;44;58;ESTABLE
145;93;30;82;42;55;ESTABLE
147;95;31;80;42;55;ESTABLE
134;94;30;98;51;67;POTENCIAL INEST
142;88;30;88;45;59;ESTABLE
143;88;28;87;45;59;POTENCIAL INEST
145;64;37;85;45;58;INESTABLE
150;99;27;88;47;61;POTENCIAL INEST
143;97;34;95;51;66;POTENCIAL INEST
139;97;27;99;52;68;POTENCIAL INEST
146;99;27;94;50;64;POTENCIAL INEST
142;98;26;89;46;60;POTENCIAL INEST
130;94;32;75;42;53;ESTABLE
134;90;29;70;39;50;POTENCIAL INEST
135;85;30;65;36;46;POTENCIAL INEST
131;80;31;72;41;51;POTENCIAL INEST
122;84;30;123;95;112;INESTABLE
