FC2;porcentaje de oxigenaci�n de la sangre;FR2;TAS2;TAD2;TAM2;ESTADO
0;0;0;0;0;0;ESTABLE
1;1;1;1;1;1;POTENCIA
0;0;0;0;0;0;ESTABLE
1;1;1;1;1;1;POTENCIA
1;1;1;1;1;1;POTENCIA
2;2;2;2;2;2;INESTABL
3;3;3;3;3;3;CRITICO
3;3;3;3;3;3;CRITICO
3;3;3;3;3;3;CRITICO
1;1;1;1;1;1;POTENCIA
3;3;3;3;3;3;CRITICO
1;1;1;1;1;1;POTENCIA
2;2;2;2;2;2;INESTABL
2;2;2;2;2;2;INESTABL
1;1;1;1;1;1;POTENCIA
1;1;1;1;1;1;POTENCIA
1;1;1;1;1;1;POTENCIA
0;0;0;0;0;0;ESTABLE
0;0;0;0;0;0;ESTABLE
3;3;3;3;3;3;CRITICO
